time,roll,pitch,yaw
1.9559418310080554336309432983398437500000000000,-2.86126,4.90675,-11.07
1.9559425577202543616294860839843750000000000000,-2.87593,4.9281,-11.0923
1.9559445914108540862798690795898437500000000000,-2.91239,4.94778,-11.0906
1.9559467091515116393566131591796875000000000000,-2.9358,4.95733,-11.0779
1.9559487420721869915723800659179687500000000000,-2.93587,4.96927,-11.0544
1.9559507514139339327812194824218750000000000000,-2.93475,4.95782,-11.0547
1.9559527747105568647384643554687500000000000000,-2.92275,4.9472,-11.0669
1.9559548948251470923423767089843750000000000000,-2.92319,4.93502,-11.1021
1.9559558910108141601085662841796875000000000000,-2.94455,4.90896,-11.1238
1.9559580140447005629539489746093750000000000000,-2.95483,4.89643,-11.1237
1.9559601231237109750509262084960937500000000000,-2.95456,4.89719,-11.1132
1.9559621674649283289909362792968750000000000000,-2.93296,4.92273,-11.0903
1.9559642638081092387437820434570312500000000000,-2.89994,4.94934,-11.0678
1.9559662805924568325281143188476562500000000000,-2.86692,4.97593,-11.0453
1.9559683111071188002824783325195312500000000000,-2.82084,4.99236,-11.0119
1.9559703375475991517305374145507812500000000000,-2.75536,5.00259,-10.8188
1.9559723995008327066898345947265625000000000000,-2.60913,4.98241,-10.1804
1.9559745324474927037954330444335937500000000000,-2.38433,4.87292,-8.97042
1.9559765612619057297706604003906250000000000000,-2.14479,4.64249,-7.25886
1.9559785966527547687292098999023437500000000000,-1.98652,4.30492,-5.203
1.9559806906540825963020324707031250000000000000,-1.91499,3.94054,-2.98479
1.9559827109030891209840774536132812500000000000,-1.81934,3.55512,-0.620058
1.9559848166457612067461013793945312500000000000,-1.62873,3.10213,2.09642
1.9559868206301189959049224853515625000000000000,-1.34263,2.56102,5.1212
1.9559889206625197082757949829101562500000000000,-1.10277,1.9289,8.19769
1.9559900077634025365114212036132812500000000000,-1.01209,1.18209,11.248
1.9559921220714811235666275024414062500000000000,-1.13589,0.337491,14.1691
1.9559942623003412038087844848632812500000000000,-1.49214,-0.531965,16.8546
1.9559965118905168026685714721679687500000000000,-1.9939,-1.40511,19.2761
1.9559985127951778471469879150390625000000000000,-2.57663,-2.26421,21.5022
1.9560005690060600638389587402343750000000000000,-3.2332,-3.14264,23.5995
1.9560025852450445294380187988281250000000000000,-3.91825,-4.02261,25.7239
1.9560047021516174077987670898437500000000000000,-4.62432,-4.90297,27.9329
1.9560068145669657737016677856445312500000000000,-5.38116,-5.7989,30.2015
1.9560089093702983111143112182617187500000000000,-6.1934,-6.67424,32.516
1.9560099232000615447759628295898437500000000000,-7.07823,-7.52212,34.7994
1.9560119420054599642753601074218750000000000000,-7.99206,-8.34844,36.9629
1.9560139953932870179414749145507812500000000000,-8.91281,-9.09041,38.9325
1.9560160024894215166568756103515625000000000000,-9.78417,-9.75838,40.6968
1.9560181064356040209531784057617187500000000000,-10.5884,-10.3082,42.3306
1.9560201064420200884342193603515625000000000000,-11.3108,-10.804,43.9715
1.9560222237977154552936553955078125000000000000,-12.0127,-11.2863,45.6001
1.9560243223544280976057052612304687500000000000,-12.6938,-11.7634,47.2774
1.9560264346093758940696716308593750000000000000,-13.3762,-12.2309,48.9981
1.9560284449135281145572662353515625000000000000,-14.0587,-12.6347,50.7489
1.9560305527734916657209396362304687500000000000,-14.7544,-12.977,52.6138
1.9560325857583273202180862426757812500000000000,-15.469,-13.2706,54.5155
1.9560346204434122890233993530273437500000000000,-16.2167,-13.4688,56.3899
1.9560367286562576889991760253906250000000000000,-16.9284,-13.5349,58.154
1.9560388475197214633226394653320312500000000000,-17.6017,-13.4936,59.8296
1.9560409552513644099235534667968750000000000000,-18.1835,-13.3894,61.3809
1.9560419675412792712450027465820312500000000000,-18.7086,-13.2322,62.7255
1.9560440058514241129159927368164062500000000000,-19.1685,-13.0308,63.9343
1.9560460339600730687379837036132812500000000000,-19.5948,-12.8622,64.9432
1.9560482271212212741374969482421875000000000000,-19.9661,-12.6368,65.7963
1.9560502676128178834915161132812500000000000000,-20.3152,-12.3781,66.6473
1.9560523118898753076791763305664062500000000000,-20.6609,-12.1158,67.492
1.9560543334220886230468750000000000000000000000,-21.0199,-11.8318,68.2763
1.9560563632309868931770324707031250000000000000,-21.3841,-11.5161,68.8688
1.9560584619160205125808715820312500000000000000,-21.6992,-11.2547,69.1416
1.9560605631033077836036682128906250000000000000,-21.9383,-11.0737,68.9575
1.9560625797272544354200363159179687500000000000,-22.124,-10.9902,68.2979
1.9560646142198584973812103271484375000000000000,-22.2292,-11.0321,67.153
1.9560667724456962198019027709960937500000000000,-22.2453,-11.1593,65.6028
1.9560688791186936199665069580078125000000000000,-22.1973,-11.3243,63.7795
1.9560709133546561002731323242187500000000000000,-22.0817,-11.5219,61.8005
1.9560719312265213578939437866210937500000000000,-21.9056,-11.6817,59.7692
1.9560739518925700336694717407226562500000000000,-21.6951,-11.7961,57.8721
1.9560760487169533967971801757812500000000000000,-21.46,-11.9272,56.0497
1.9560780823433928191661834716796875000000000000,-21.2169,-12.1081,54.0363
1.9560801292189441621303558349609375000000000000,-20.8966,-12.3293,51.642
1.9560821469977770000696182250976562500000000000,-20.487,-12.5806,48.8889
1.9560841460097074508666992187500000000000000000,-19.959,-12.8582,45.8145
1.9560862741764217615127563476562500000000000000,-19.3312,-13.1074,42.4859
1.9560883176514744758605957031250000000000000000,-18.626,-13.3291,38.9896
1.9560903478132549673318862915039062500000000000,-17.8571,-13.5137,35.3203
1.9560923794186431914567947387695312500000000000,-17.0573,-13.6456,31.4516
1.9560945701737783849239349365234375000000000000,-16.2396,-13.7152,27.4382
1.9560967536146339029073715209960937500000000000,-15.4051,-13.7163,23.3286
1.9560988593252256512641906738281250000000000000,-14.5728,-13.6459,19.2115
1.9560998842547293752431869506835937500000000000,-13.7395,-13.4623,15.2471
1.9561029251665763556957244873046875000000000000,-12.9573,-13.1304,11.5431
1.9561039264209110289812088012695312500000000000,-12.217,-12.6757,8.14469
1.9561059713716521859169006347656250000000000000,-11.5484,-12.1492,5.05899
1.9561081788084782660007476806640625000000000000,-10.9391,-11.5923,2.28855
1.9561103608057256788015365600585937500000000000,-10.3917,-10.9657,-0.190913
1.9561125565974485129117965698242187500000000000,-9.87344,-10.2462,-2.33085
1.9561146618589177727699279785156250000000000000,-9.37677,-9.49758,-4.16146
1.9561167040828440338373184204101562500000000000,-8.87375,-8.76767,-5.81289
1.9561188082215074449777603149414062500000000000,-8.40672,-8.07002,-7.4171
1.9561209258338440209627151489257812500000000000,-7.98825,-7.43611,-9.05747
1.9561219393107254058122634887695312500000000000,-7.64722,-6.8748,-10.7939
1.9561239425893191248178482055664062500000000000,-7.33663,-6.372,-12.6335
1.9561259592453461140394210815429687500000000000,-7.07,-5.90604,-14.5644
1.9561280523163489997386932373046875000000000000,-6.83392,-5.49636,-16.541
1.9561301206214573234319686889648437500000000000,-6.65187,-5.12572,-18.5762
1.9561323135259643197059631347656250000000000000,-6.51686,-4.79311,-20.8192
1.9561344217067293822765350341796875000000000000,-6.43768,-4.44305,-23.4367
1.9561365282514058053493499755859375000000000000,-6.35094,-4.05848,-26.547
1.9561385267821338027715682983398437500000000000,-6.27845,-3.6404,-30.127
1.9561406269428554922342300415039062500000000000,-6.18163,-3.19651,-34.1443
1.9561426567517541348934173583984375000000000000,-6.05225,-2.67402,-38.296
1.9561446785726889967918395996093750000000000000,-5.83545,-2.10949,-42.2612
1.9561467033770799636840820312500000000000000000,-5.52587,-1.56156,-45.7581
1.9561488056871734559535980224609375000000000000,-5.20165,-1.04682,-48.7142
1.9561508291762772947549819946289062500000000000,-4.92255,-0.65816,-51.2569
1.9561519448605958372354507446289062500000000000,-4.70466,-0.419394,-53.4772
1.9561540241371236741542816162109375000000000000,-4.55181,-0.30932,-55.4946
1.9561560433274842798709869384765625000000000000,-4.46273,-0.273365,-57.3763
1.9561580664316259324550628662109375000000000000,-4.4458,-0.180428,-59.2223
1.9561600943477939814329147338867187500000000000,-4.4473,-0.111685,-61.1565
1.9561623006297338753938674926757812500000000000,-4.43738,-0.160069,-63.2228
1.9561643262361295521259307861328125000000000000,-4.44377,-0.291826,-65.3943
1.9561663591247245669364929199218750000000000000,-4.54451,-0.427652,-67.7323
1.9561684009957686066627502441406250000000000000,-4.78058,-0.578623,-70.3353
1.9561704346863683313131332397460937500000000000,-5.12871,-0.879286,-73.1376
1.9561725502134937793016433715820312500000000000,-5.50054,-1.35752,-75.962
1.9561745893577229231595993041992187500000000000,-5.87913,-2.01648,-78.6518
1.9561766072648763656616210937500000000000000000,-6.23953,-2.72878,-81.088
1.9561786346356816589832305908203125000000000000,-6.61075,-3.37303,-83.2211
1.9561806881839092820882797241210937500000000000,-6.97203,-3.96253,-85.1417
1.9561826964349303394556045532226562500000000000,-7.28998,-4.48844,-86.8688
1.9561847303180109709501266479492187500000000000,-7.556,-4.85866,-88.2844
1.9561867363234195858240127563476562500000000000,-7.75118,-5.18065,-89.481
1.9561887726766735315322875976562500000000000000,-7.93386,-5.39181,-90.3033
1.9561908597166039049625396728515625000000000000,-8.14396,-5.51777,-90.6847
1.9561919568265009671449661254882812500000000000,-8.34419,-5.51472,-90.7251
1.9561939661040872335433959960937500000000000000,-8.50342,-5.37195,-90.6455
1.9561960095791403204202651977539062500000000000,-8.62479,-5.18783,-90.6705
1.9561980527013111859560012817382812500000000000,-8.69579,-4.97951,-90.9153
1.9562000945081949234008789062500000000000000000,-8.72531,-4.77328,-91.4021
1.9562021942197941243648529052734375000000000000,-8.70443,-4.55741,-91.9834
1.9562042346151500940322875976562500000000000000,-8.67503,-4.39507,-92.4238
1.9562063297713644802570343017578125000000000000,-8.62383,-4.25834,-92.5678
1.9562083850198417901992797851562500000000000000,-8.60028,-4.08218,-92.3962
1.9562104041781220585107803344726562500000000000,-8.64138,-3.88302,-92.0145
1.9562124296882770955562591552734375000000000000,-8.68322,-3.66142,-91.5501
1.9562144561608374118804931640625000000000000000,-8.69103,-3.42269,-91.0824
1.9562165649832062423229217529296875000000000000,-8.65768,-3.20439,-90.5658
1.9562186815689772367477416992187500000000000000,-8.62895,-3.03478,-89.8302
1.9562207102871496230363845825195312500000000000,-8.65681,-2.92002,-88.741
1.9562227343216165900230407714843750000000000000,-8.79321,-2.85321,-87.2485
1.9562247709956724196672439575195312500000000000,-9.00594,-2.81326,-85.3301
1.9562269081127554178237915039062500000000000000,-9.31774,-2.64663,-82.9005
1.9562279394903745502233505249023437500000000000,-9.71447,-2.36647,-79.9249
1.9562299822596635669469833374023437500000000000,-10.1642,-2.07209,-76.5142
1.9562321203712318092584609985351562500000000000,-10.6259,-1.93784,-73.0983
1.9562341323756333440542221069335937500000000000,-11.0794,-1.90162,-69.8312
1.9562362478706784546375274658203125000000000000,-11.5317,-1.85674,-66.6247
1.9562383477426785975694656372070312500000000000,-11.9141,-1.73149,-63.3552
1.9562403668367985635995864868164062500000000000,-12.2717,-1.71498,-60.2787
1.9562424791559066623449325561523437500000000000,-12.7264,-1.83821,-57.5769
1.9562446790538914501667022705078125000000000000,-13.2169,-1.96499,-55.0837
1.9562467025109153240919113159179687500000000000,-13.6542,-1.9894,-52.5834
1.9562487330576576292514801025390625000000000000,-14.0134,-1.95812,-50.0239
1.9562507947221696376800537109375000000000000000,-14.361,-1.93517,-47.3108
1.9562528257180344313383102416992187500000000000,-14.7206,-1.90299,-44.4504
1.9562549234727431088685989379882812500000000000,-15.116,-1.79139,-41.4075
1.9562559599190298467874526977539062500000000000,-15.4871,-1.58156,-38.1453
1.9562579770883392542600631713867187500000000000,-15.8489,-1.27823,-34.6416
1.9562600600861676037311553955078125000000000000,-16.229,-0.945186,-30.9614
1.9562621053256299346685409545898437500000000000,-16.6981,-0.579897,-27.2204
1.9562641451756231486797332763671875000000000000,-17.2137,-0.224168,-23.5175
1.9562662127428870648145675659179687500000000000,-17.72,0.145449,-19.8619
1.9562683113637603819370269775390625000000000000,-18.1906,0.541091,-16.3568
1.9562703499947067350149154663085937500000000000,-18.6565,0.969638,-12.9694
1.9562722822477936744689941406250000000000000000,-19.081,1.43771,-9.67154
1.9562744344425588846206665039062500000000000000,-19.5099,1.90937,-6.50219
1.9562765496168024837970733642578125000000000000,-19.8957,2.38665,-3.51537
1.9562787500280700623989105224609375000000000000,-20.2151,2.84722,-0.679907
1.9562808317747715860605239868164062500000000000,-20.484,3.29765,2.0056
1.9562819156034763902425765991210937500000000000,-20.7026,3.70651,4.52406
1.9562840264789763838052749633789062500000000000,-20.9341,4.0301,6.89282
1.9562860479149490594863891601562500000000000000,-21.1572,4.26221,9.21445
1.9562880645709756761789321899414062500000000000,-21.3679,4.39312,11.5696
1.9562901814775489270687103271484375000000000000,-21.5719,4.49037,14.065
1.9562922255300447344779968261718750000000000000,-21.7714,4.58179,16.7209
1.9562942618191383779048919677734375000000000000,-22.0106,4.69725,19.5253
1.9562963039147436618804931640625000000000000000,-22.2539,4.78831,22.3755
1.9562984091762132942676544189453125000000000000,-22.5405,4.84765,25.1913
1.9563005196025907993316650390625000000000000000,-22.8273,4.85539,27.9158
1.9563026164590544998645782470703125000000000000,-23.1659,4.8274,30.4651
1.9563046401406396180391311645507812500000000000,-23.5077,4.74486,32.7522
1.9563067437018599361181259155273437500000000000,-23.8559,4.59012,34.7082
1.9563088451457884162664413452148437500000000000,-24.1819,4.36449,36.2881
1.9563098470738068222999572753906250000000000000,-24.4942,4.1047,37.4954
1.9563120095021478831768035888671875000000000000,-24.7557,3.84215,38.3801
1.9563141058774087578058242797851562500000000000,-25.0154,3.56441,38.9769
1.9563161382848013192415237426757812500000000000,-25.3362,3.21919,39.1949
1.9563183138660140335559844970703125000000000000,-25.6881,2.78278,38.9669
1.9563203519195172935724258422851562500000000000,-26.0861,2.22092,38.2014
1.9563223703078735619783401489257812500000000000,-26.4328,1.54574,36.9088
1.9563243825047560036182403564453125000000000000,-26.6738,0.79437,35.2378
1.9563264206865798681974411010742187500000000000,-26.7349,0.0196392,33.4059
1.9563284985836602747440338134765625000000000000,-26.704,-0.79565,31.5549
1.9563305230993300676345825195312500000000000000,-26.4844,-1.69697,29.6857
1.9563326389793373644351959228515625000000000000,-26.0716,-2.64228,27.6513
1.9563346747230678796768188476562500000000000000,-25.4885,-3.64946,25.4774
1.9563366928868629038333892822265625000000000000,-24.5658,-4.59264,23.2651
1.9563387044421419501304626464843750000000000000,-23.3864,-5.48395,21.0251
1.9563407442921347916126251220703125000000000000,-22.0396,-6.39741,18.7295
1.9563427803566675633192062377929687500000000000,-20.5679,-7.36474,16.2947
1.9563449187890376895666122436523437500000000000,-19.0256,-8.39621,13.7441
1.9563459448734275996685028076171875000000000000,-17.5158,-9.38857,11.1156
1.9563479706081438809633255004882812500000000000,-16.0211,-10.3589,8.47332
1.9563500979407735168933868408203125000000000000,-14.4507,-11.1723,5.82607
1.9563522157776717096567153930664062500000000000,-12.7692,-11.7721,3.23432
1.9563542576487157493829727172851562500000000000,-10.7714,-12.2906,0.770234
1.9563562957663793116807937622070312500000000000,-8.46523,-12.713,-1.40712
1.9563584176774594932794570922851562500000000000,-5.87673,-12.9521,-3.34703
1.9563605725348792970180511474609375000000000000,-3.06727,-13.0235,-4.98965
1.9563627032680075615644454956054687500000000000,-0.396789,-13.0524,-6.21921
1.9563645861817855387926101684570312500000000000,1.99132,-13.1233,-7.05535
1.9563666002393182367086410522460937500000000000,4.03224,-13.1834,-7.66672
1.9563686094527442008256912231445312500000000000,5.93958,-13.1791,-8.2397
1.9563707191091977059841156005859375000000000000,7.89394,-13.0963,-8.85101
1.9563727758333627134561538696289062500000000000,9.93488,-12.9189,-9.46681
1.9563747958898879587650299072265625000000000000,12.0966,-12.6754,-10.1488
1.9563768239343769848346710205078125000000000000,14.2937,-12.3369,-10.9108
1.9563788433813787996768951416015625000000000000,16.5551,-11.9747,-11.7172
1.9563809265396077185869216918945312500000000000,18.9055,-11.7038,-12.4564
1.9563819325418084859848022460937500000000000000,21.3147,-11.5756,-12.9976
1.9563840347877416759729385375976562500000000000,23.7259,-11.5854,-13.305
1.9563860519249711185693740844726562500000000000,26.066,-11.6308,-13.4981
1.9563881904856618493795394897460937500000000000,28.286,-11.6802,-13.5761
1.9563903019386049360036849975585937500000000000,30.4193,-11.8617,-13.509
1.9563923330627907067537307739257812500000000000,32.5294,-12.3426,-13.2359
1.9563944610370237380266189575195312500000000000,34.6531,-13.0861,-12.807
1.9563965631546359509229660034179687500000000000,36.755,-14.0337,-12.2254
1.9563986705013170838356018066406250000000000000,38.8357,-15.0986,-11.6453
1.9564006848475709557533264160156250000000000000,40.8759,-16.1486,-11.1568
1.9564027207517027854919433593750000000000000000,42.862,-17.0426,-10.9197
1.9564049257183555513620376586914062500000000000,44.7052,-17.7318,-10.9306
1.9564059245666772127151489257812500000000000000,46.3984,-18.432,-11.0304
1.9564080563584510236978530883789062500000000000,47.8792,-19.4003,-11.0497
1.9564100791097111999988555908203125000000000000,49.2283,-20.6438,-10.9319
1.9564121444955233484506607055664062500000000000,50.4564,-21.9778,-10.7017
1.9564141758442699909210205078125000000000000000,51.5565,-23.3419,-10.3682
1.9564161992050532251596450805664062500000000000,52.5018,-24.7887,-9.79599
1.9564182913136512041091918945312500000000000000,53.2909,-26.3386,-8.98005
1.9564204159515462815761566162109375000000000000,53.9546,-27.9242,-8.02573
1.9564224131990671157836914062500000000000000000,54.5644,-29.5287,-6.99205
1.9564244337047148495912551879882812500000000000,55.1229,-31.0857,-5.98117
1.9564265422704424709081649780273437500000000000,55.6458,-32.5405,-5.03564
1.9564287437724363058805465698242187500000000000,56.0825,-33.8789,-4.18677
1.9564307970640223473310470581054687500000000000,56.4574,-35.1371,-3.42184
1.9564328022032663226127624511718750000000000000,56.776,-36.2009,-2.85072
1.9564348338407348841428756713867187500000000000,57.0567,-37.0174,-2.51412
1.9564368641308359801769256591796875000000000000,57.2824,-37.3934,-2.50271
1.9564379529319677501916885375976562500000000000,57.404,-37.315,-2.84417
1.9564399820030219852924346923828125000000000000,57.3464,-36.9148,-3.43674
1.9564420129988867789506912231445312500000000000,57.1411,-36.2172,-4.29355
1.9564440736689135432243347167968750000000000000,56.759,-35.2767,-5.39475
1.9564461850897762924432754516601562500000000000,56.2569,-34.1,-6.72848
1.9564483847311202436685562133789062500000000000,55.6269,-32.6874,-8.31858
1.9564505838271006941795349121093750000000000000,54.8126,-31.2097,-9.96543
1.9564526444650471210479736328125000000000000000,53.7579,-29.7273,-11.5706
1.9564545717457070946693420410156250000000000000,52.4149,-28.2559,-13.0948
1.9564565918663926422595977783203125000000000000,50.8134,-26.7885,-14.5142
1.9564586172161467373371124267578125000000000000,48.9972,-25.1969,-15.9563
1.9564607249798696488142013549804687500000000000,47.0508,-23.4565,-17.4558
1.9564627510995481163263320922851562500000000000,45.0229,-21.5923,-18.9864
1.9564648973274007439613342285156250000000000000,42.8889,-19.6987,-20.4692
1.9564659977094754576683044433593750000000000000,40.784,-17.9051,-21.7976
1.9564680998912483453750610351562500000000000000,38.6357,-16.2019,-22.9554
1.9564702054735194891691207885742187500000000000,36.5637,-14.601,-24.0373
1.9564722342237722128629684448242187500000000000,34.4344,-13.1463,-25.0057
1.9564742476397011429071426391601562500000000000,32.0894,-11.867,-25.793
1.9564763158806491643190383911132812500000000000,29.5834,-10.7358,-26.3407
1.9564784154639273881912231445312500000000000000,27.0039,-9.7124,-26.6477
1.9564804402041584253311157226562500000000000000,24.491,-8.74014,-26.7712
1.9564825639758884906768798828125000000000000000,22.0843,-7.69571,-26.8312
1.9564845893577229231595993041992187500000000000,19.7324,-6.5953,-26.8917
1.9564867270522490143775939941406250000000000000,17.4232,-5.54003,-26.9391
1.9564887390566505491733551025390625000000000000,15.0803,-4.57277,-26.9364
1.9564908233376856893301010131835937500000000000,12.7056,-3.69416,-26.9211
1.9564919214741483330726623535156250000000000000,10.2627,-2.80629,-26.8726
1.9564939416910745203495025634765625000000000000,7.73991,-1.81826,-26.7244
1.9564960963880930095911026000976562500000000000,5.17303,-0.827316,-26.325
1.9564981496796794235706329345703125000000000000,2.61506,0.0773473,-25.6153
1.9565002652388852089643478393554687500000000000,0.13477,0.944008,-24.5392
1.9565023677414596080780029296875000000000000000,-2.26152,1.91344,-23.0428
1.9565043964275516569614410400390625000000000000,-4.62461,3.01997,-21.2021
1.9565064651817824691534042358398437500000000000,-6.9416,4.2704,-19.0749
1.9565085015671167522668838500976562500000000000,-9.17323,5.66494,-16.6428
1.9565105261469464749097824096679687500000000000,-11.2198,7.18372,-13.9037
1.9565127397752463817596435546875000000000000000,-13.0898,8.8065,-10.8783
1.9565138298595853149890899658203125000000000000,-14.8946,10.5463,-7.52802
1.9565169066370673477649688720703125000000000000,-16.5544,12.5265,-3.84539
1.9565190110323723405599594116210937500000000000,-18.0668,14.4839,0.139107
1.9565201334856074303388595581054687500000000000,-19.371,16.4632,4.22616
1.9565221688443757593631744384765625000000000000,-20.6241,18.5154,8.16439
1.9565242892476879060268402099609375000000000000,-21.9579,20.6276,11.84
1.9565264810935489833354949951171875000000000000,-23.3359,22.6068,15.2216
1.9565285058658599853515625000000000000000000000,-24.7406,24.4385,18.3068
1.9565305495333939790725708007812500000000000000,-26.0698,26.0706,21.1405
1.9565326754865761846303939819335937500000000000,-27.2341,27.4768,23.7555
1.9565347192824307829141616821289062500000000000,-28.1726,28.7529,26.2501
1.9565367292016208171844482421875000000000000000,-28.8282,29.9922,28.8533
1.9565387852200221270322799682617187500000000000,-29.3541,31.1371,31.6252
1.9565398707168959081172943115234375000000000000,-29.8647,32.1874,34.5655
1.9565419787693403661251068115234375000000000000,-30.4002,33.2477,37.6656
1.9565440970232807099819183349609375000000000000,-30.8246,34.411,40.9651
1.9565461505073480308055877685546875000000000000,-31.1709,35.6892,44.4508
1.9565482754339646548032760620117187500000000000,-31.4414,37.17,48.1298
1.9565503909610901027917861938476562500000000000,-31.6772,38.7992,51.8923
1.9565524990776948630809783935546875000000000000,-31.818,40.5866,55.67
1.9565545166640467941761016845703125000000000000,-31.7651,42.4251,59.3109
1.9565565507716886699199676513671875000000000000,-31.3982,44.2656,62.7997
1.9565585713735770434141159057617187500000000000,-30.6541,45.9507,66.1048
1.9565607626740749925374984741210937500000000000,-29.6612,47.3771,69.2827
1.9565627761541645973920822143554687500000000000,-28.5126,48.4937,72.3678
1.9565649490085624158382415771484375000000000000,-27.2061,49.4109,75.4161
1.9565660492302361875772476196289062500000000000,-25.7369,50.1196,78.4527
1.9565680851664479821920394897460937500000000000,-24.1086,50.5434,81.4477
1.9565701696078840643167495727539062500000000000,-22.5123,50.6666,84.2777
1.9565722181516043841838836669921875000000000000,-21.0274,50.5504,86.8383
1.9565742492116298526525497436523437500000000000,-19.6615,50.2758,89.1707
1.9565763533823732286691665649414062500000000000,-18.2476,49.8017,91.3995
1.9565783708404045552015304565429687500000000000,-16.7114,49.1232,93.6827
1.9565804784116465598344802856445312500000000000,-15.0453,48.184,96.0517
1.9565825246135141700506210327148437500000000000,-13.3384,47.0427,98.4903
1.9565845404996167868375778198242187500000000000,-11.7845,45.7209,101.037
1.9565866636939037591218948364257812500000000000,-10.4591,44.3057,103.591
1.9565886814727365970611572265625000000000000000,-9.28575,42.8857,106.038
1.9565907136555679142475128173828125000000000000,-8.23937,41.5138,108.326
1.9565926795928385108709335327148437500000000000,-7.3561,40.2524,110.439
1.9565947735941667109727859497070312500000000000,-6.76885,39.1771,112.203
1.9565958124143861234188079833984375000000000000,-6.49723,38.2176,113.508
1.9565988642334923148155212402343750000000000000,-6.49349,37.3787,114.399
1.9566008793496709316968917846679687500000000000,-6.59584,36.6195,115.017
1.9566019810791131108999252319335937500000000000,-6.64929,35.9076,115.599
1.9566040377391178160905838012695312500000000000,-6.52625,35.1503,116.297
1.9566062193193230777978897094726562500000000000,-6.24585,34.336,117.214
1.9566083488334044814109802246093750000000000000,-5.89081,33.4307,118.357
1.9566104568216890096664428710937500000000000000,-5.48974,32.4397,119.646
1.9566124569564256817102432250976562500000000000,-5.10945,31.3918,120.925
1.9566145626670174300670623779296875000000000000,-4.82508,30.3455,122.112
1.9566166001109976321458816528320312500000000000,-4.66342,29.2478,123.036
1.9566187145794771611690521240234375000000000000,-4.71647,28.1207,123.614
1.9566207128856439143419265747070312500000000000,-4.95613,27.0209,123.829
1.9566227324930466711521148681640625000000000000,-5.37684,25.9787,123.664
1.9566247573936782777309417724609375000000000000,-5.92586,25.0185,123.249
1.9566266912828542292118072509765625000000000000,-6.52714,24.1221,122.793
1.9566287121734641492366790771484375000000000000,-7.14704,23.2436,122.375
1.9566307863492440432310104370117187500000000000,-7.80596,22.3793,121.978
1.9566328340267997235059738159179687500000000000,-8.53089,21.5319,121.366
1.9566338471828795969486236572265625000000000000,-9.44766,20.7123,120.183
1.9566369060917045921087265014648437500000000000,-10.5868,19.8997,118.125
1.9566379041059415787458419799804687500000000000,-11.8095,19.0704,115.33
1.9566400197934679687023162841796875000000000000,-13.0063,18.1568,112.206
1.9566421247020553797483444213867187500000000000,-14.1867,17.1819,108.922
1.9566441429620910435914993286132812500000000000,-15.3821,16.1745,105.388
1.9566460706597931683063507080078125000000000000,-16.5519,15.1942,101.434
1.9566481060185614973306655883789062500000000000,-17.588,14.4138,97.2083
1.9566502401201084256172180175781250000000000000,-18.3669,13.8604,93.1674
1.9566523808622509241104125976562500000000000000,-19.0143,13.5613,89.3482
1.9566543775323290377855300903320312500000000000,-19.6304,13.3146,85.4151
1.9566565129170823842287063598632812500000000000,-20.1918,13.1177,81.2302
1.9566586457675021141767501831054687500000000000,-20.6023,13.0022,76.9855
1.9566606668185129761695861816406250000000000000,-20.8877,12.9918,72.7801
1.9566627728178262710571289062500000000000000000,-21.1911,13.0382,68.5742
1.9566648569384608417749404907226562500000000000,-21.5666,13.1678,64.1728
1.9566668945749215781688690185546875000000000000,-21.982,13.4412,59.6478
1.9566679072497986257076263427734375000000000000,-22.3927,13.8806,54.9699
1.9566699332732364535331726074218750000000000000,-22.8486,14.4441,50.1693
1.9566719573397837579250335693359375000000000000,-23.4094,15.0382,45.1549
1.9566740820418391376733779907226562500000000000,-24.0444,15.698,40.017
1.9566761097655259072780609130859375000000000000,-24.6737,16.4879,34.8638
1.9566782406911354511976242065429687500000000000,-25.371,17.3224,29.6851
1.9566803300408381968736648559570312500000000000,-26.2217,18.0291,24.359
1.9566823524712964892387390136718750000000000000,-27.2652,18.6974,18.9631
1.9566843577388610690832138061523437500000000000,-28.3813,19.1951,13.6362
1.9566864087206747382879257202148437500000000000,-29.5475,19.5086,8.43577
1.9566885102287638932466506958007812500000000000,-30.6268,19.6975,3.47999
1.9566905388506956398487091064453125000000000000,-31.5383,19.8505,-1.1672
1.9566926548911038786172866821289062500000000000,-32.3455,20.0285,-5.41911
1.9566946875551380217075347900390625000000000000,-33.1127,20.1945,-9.23891
1.9566967285600174218416213989257812500000000000,-33.9394,20.3264,-12.786
1.9566987412701826542615890502929687500000000000,-34.8732,20.3202,-16.2042
1.9567009401736821979284286499023437500000000000,-35.8512,20.2028,-19.5441
1.9567020738228984177112579345703125000000000000,-36.799,19.9572,-22.871
1.9567041152768999338150024414062500000000000000,-37.6895,19.597,-26.1998
1.9567062077383797615766525268554687500000000000,-38.4965,19.1921,-29.4819
1.9567084095290951430797576904296875000000000000,-39.1645,18.8233,-32.562
1.9567104282703332602977752685546875000000000000,-39.6737,18.5453,-35.4335
1.9567125456260286271572113037109375000000000000,-40.0151,18.3607,-38.1165
1.9567146595812253654003143310546875000000000000,-40.1985,18.1788,-40.6861
1.9567167024788353592157363891601562500000000000,-40.2303,17.9125,-43.3061
1.9567187300100412219762802124023437500000000000,-40.0725,17.5686,-45.966
1.9567198350116610527038574218750000000000000000,-39.7803,17.253,-48.6544
1.9567228463776670396327972412109375000000000000,-39.4422,16.9423,-51.4462
1.9567248736522316932678222656250000000000000000,-39.2079,16.5949,-54.4625
1.9567269070220295339822769165039062500000000000,-39.0366,16.2103,-57.6571
1.9567279221029195934534072875976562500000000000,-38.8224,15.8447,-60.8552
1.9567300702555827796459197998046875000000000000,-38.5881,15.4116,-64.0874
1.9567320949637334793806076049804687500000000000,-38.3948,14.9611,-67.4078
1.9567341310282658785581588745117187500000000000,-38.3266,14.4564,-70.9985
1.9567362475498765707015991210937500000000000000,-38.4933,13.859,-75.1459
1.9567383699742395430803298950195312500000000000,-38.7105,13.5105,-79.4536
1.9567403873681105673313140869140625000000000000,-38.8513,13.57,-83.503
1.9567424142897929996252059936523437500000000000,-38.9282,13.8908,-87.0215
1.9567444152906946837902069091796875000000000000,-39.0286,14.3497,-89.9327
1.9567465161250997334718704223632812500000000000,-39.1452,14.9259,-92.1746
1.9567486326787907630205154418945312500000000000,-39.2775,15.6801,-93.7268
1.9567506527353160083293914794921875000000000000,-39.3478,16.5645,-94.5837
1.9567527951135478913784027099609375000000000000,-39.3262,17.5236,-94.8042
1.9567548321084052324295043945312500000000000000,-39.2898,18.4942,-94.7982
1.9567569333919331431388854980468750000000000000,-39.219,19.4719,-94.9106
1.9567579410943832248449325561523437500000000000,-39.0947,20.3951,-95.2501
1.9567599914987538009881973266601562500000000000,-38.8792,21.1383,-95.9323
1.9567620995832785964012145996093750000000000000,-38.5728,21.6934,-96.9435
1.9567642373740453273057937622070312500000000000,-38.3429,22.0541,-98.287
1.9567663518746051937341690063476562500000000000,-38.2839,22.1847,-99.9739
1.9567683579762544482946395874023437500000000000,-38.3616,22.0361,-101.959
1.9567704752036288380622863769531250000000000000,-38.5153,21.6189,-104.198
1.9567727572589416056871414184570312500000000000,-38.6607,21.0266,-106.559
1.9567748794266633689403533935546875000000000000,-38.6054,20.2891,-108.688
1.9567769794911444187164306640625000000000000000,-38.35,19.4383,-110.349
1.9567780694792427122592926025390625000000000000,-37.829,18.6583,-111.222
1.9567800036892201751470565795898437500000000000,-37.1322,18.2945,-111.384
1.9567820467472307384014129638671875000000000000,-36.4117,18.1966,-111.185
1.9567841520087003707885742187500000000000000000,-35.7886,18.0991,-111.145
1.9567862597724232822656631469726562500000000000,-35.2253,17.8991,-111.488
1.9567883837687149643898010253906250000000000000,-34.5755,17.6724,-112.069
1.9567905799774799495935440063476562500000000000,-33.7787,17.4985,-112.714
1.9567927077592320740222930908203125000000000000,-32.9019,17.3773,-113.289
1.9567947243831783533096313476562500000000000000,-31.9501,17.2876,-113.632
1.9567967675374295562505722045898437500000000000,-30.932,17.1549,-113.83
1.9567988854705680161714553833007812500000000000,-29.8034,17.0193,-113.989
1.9567999051068432629108428955078125000000000000,-28.5242,16.8349,-114.259
1.9568021070258792489767074584960937500000000000,-27.0348,16.6763,-114.635
1.9568042386251721531152725219726562500000000000,-25.3356,16.6256,-115.011
1.9568062671508636325597763061523437500000000000,-23.5339,16.5996,-115.294
1.9568083767431564629077911376953125000000000000,-21.8223,16.427,-115.513
1.9568105016376931220293045043945312500000000000,-20.191,16.2287,-115.543
1.9568126260189466178417205810546875000000000000,-18.5272,16.0986,-115.319
1.9568146480965230613946914672851562500000000000,-16.7787,16.0353,-114.969
1.9568167482572447508573532104492187500000000000,-14.9268,16.0277,-114.641
1.9568187640791866928339004516601562500000000000,-13.0931,16.0307,-114.479
1.9568207953637730330228805541992187500000000000,-11.4036,15.8909,-114.613
1.9568227944719444960355758666992187500000000000,-9.70963,15.604,-114.984
1.9568249221895363181829452514648437500000000000,-7.70139,15.4167,-115.346
1.9568259302769482135772705078125000000000000000,-5.50748,15.4806,-115.431
1.9568281424937203526496887207031250000000000000,-3.51446,15.4749,-115.273
1.9568301792319364845752716064453125000000000000,-1.97241,15.2502,-114.969
1.9568322150077473372220993041992187500000000000,-0.633691,15.0426,-114.63
1.9568343397418830543756484985351562500000000000,0.758358,14.9954,-114.167
1.9568363611136954277753829956054687500000000000,2.06907,15.0941,-113.626
1.9568383739521812647581100463867187500000000000,3.08694,15.0979,-113.106
1.9568403851545784622430801391601562500000000000,3.77263,14.9796,-112.633
1.9568424138727508485317230224609375000000000000,4.41708,14.8192,-112.246
1.9568445573417086154222488403320312500000000000,5.4135,14.7637,-112.032
1.9568466695966560393571853637695312500000000000,7.02681,14.8536,-111.812
1.9568488561492882668972015380859375000000000000,8.963,15.0636,-111.36
1.9568499558576796203851699829101562500000000000,10.5947,15.1062,-110.794
1.9568520764213923364877700805664062500000000000,11.5812,14.794,-110.213
1.9568542752928119152784347534179687500000000000,12.231,14.32,-109.641
1.9568563138275176286697387695312500000000000000,12.9516,13.9755,-109.11
1.9568584075401242822408676147460937500000000000,13.9113,13.9456,-108.605
1.9568606288355860859155654907226562500000000000,15.1734,14.0479,-107.957
1.9568627458063192665576934814453125000000000000,16.6454,14.0259,-106.919
1.9568649096461877226829528808593750000000000000,18.1593,13.8415,-105.576
1.9568659128253333270549774169921875000000000000,19.5282,13.4497,-104.071
1.9568681406009901314973831176757812500000000000,20.9187,12.7782,-102.276
1.9568702389331419020891189575195312500000000000,22.355,11.8516,-99.7639
1.9568722692232426255941390991210937500000000000,23.5877,10.7312,-96.6251
1.9568743058972984552383422851562500000000000000,24.5557,9.56608,-93.3176
1.9568763634555481374263763427734375000000000000,25.4512,8.35639,-89.8925
1.9568786689614687114953994750976562500000000000,26.2571,6.95821,-86.1166
1.9568804995204012840986251831054687500000000000,26.8815,5.31612,-81.8345
1.9568825700390417128801345825195312500000000000,27.3588,3.54982,-77.1148
1.9568846019973117858171463012695312500000000000,27.6192,1.76783,-72.2564
1.9568866242994491010904312133789062500000000000,27.7217,0.0013146,-67.5001
1.9568887288230746984481811523437500000000000000,27.832,-1.70111,-62.9236
1.9568898294297106564044952392578125000000000000,27.921,-3.43111,-58.3404
1.9568929127836290746927261352539062500000000000,27.8977,-5.23737,-53.6337
1.9568940012960392981767654418945312500000000000,27.7369,-7.07398,-48.8185
1.9568960392212215811014175415039062500000000000,27.4125,-9.00737,-43.8779
1.9568981716225191950798034667968750000000000000,26.8455,-11.1174,-38.6784
1.9569001706986099481582641601562500000000000000,25.9951,-13.4643,-33.1469
1.9569022027531206607818603515625000000000000000,24.7751,-15.9223,-27.4431
1.9569042269479885697364807128906250000000000000,23.2444,-18.3327,-21.8533
1.9569063080530863255262374877929687500000000000,21.49,-20.5574,-16.5547
1.9569084039150647819042205810546875000000000000,19.5505,-22.5499,-11.5895
1.9569105987764623016119003295898437500000000000,17.4036,-24.376,-6.9806
1.9569126607617758214473724365234375000000000000,15.0645,-26.2089,-2.87096
1.9569147825445353984832763671875000000000000000,12.5724,-27.9308,0.834283
1.9569168256025459617376327514648437500000000000,10.165,-29.4974,4.28821
1.9569189281692806631326675415039062500000000000,7.9574,-30.8322,7.41736
1.9569199377323810011148452758789062500000000000,5.87975,-31.9979,10.1691
1.9569222088804341852664947509765625000000000000,3.89454,-32.8825,12.5845
1.9569243302782315760850906372070312500000000000,1.95741,-33.3137,15.0268
1.9569264295727882534265518188476562500000000000,0.0485528,-33.1304,17.3076
1.9569284477686636149883270263671875000000000000,-1.72184,-32.5296,19.3296
1.9569304562121655791997909545898437500000000000,-3.5111,-31.8701,21.0207
1.9569325811387822031974792480468750000000000000,-5.61133,-31.1484,22.5141
1.9569346034409195184707641601562500000000000000,-7.86299,-30.3508,23.8844
1.9569366326723746955394744873046875000000000000,-10.2132,-29.5908,25.1553
1.9569387295288383960723876953125000000000000000,-12.7244,-28.814,26.5428
1.9569407722981274127960205078125000000000000000,-15.3164,-27.9176,28.0645
1.9569427840138074010610580444335937500000000000,-17.94,-26.8987,29.6541
1.9569449094216264784336090087890625000000000000,-20.679,-25.749,31.322
1.9569459131461348384618759155273437500000000000,-23.5292,-24.5394,33.1073
1.9569480348005738109350204467773437500000000000,-26.3214,-23.2125,34.9988
1.9569501855517309159040451049804687500000000000,-28.9792,-21.8042,36.9947
1.9569522120884515345096588134765625000000000000,-31.4199,-20.2175,39.034
1.9569543261719688773155212402343750000000000000,-33.6091,-18.5387,41.0286
1.9569563853983875364065170288085937500000000000,-35.5968,-16.7754,43.0257
1.9569584075080443173646926879882812500000000000,-37.4498,-15.02,44.9375
1.9569604318312328308820724487304687500000000000,-39.1361,-13.0436,46.9913
1.9569624869193088263273239135742187500000000000,-40.6374,-10.9338,49.1476
1.9569645160224433988332748413085937500000000000,-41.9205,-8.55475,51.5255
1.9569665573802046477794647216796875000000000000,-42.9241,-6.03749,54.0567
1.9569685920332096517086029052734375000000000000,-43.7353,-3.5687,56.5906
1.9569706697698891162872314453125000000000000000,-44.3236,-1.1809,59.0574
1.9569726944780394434928894042968750000000000000,-44.7226,1.08252,61.4391
1.9569747471280224621295928955078125000000000000,-44.8756,3.28637,63.8672
1.9569767584908202290534973144531250000000000000,-44.8232,5.65275,66.6567
1.9569787898395672440528869628906250000000000000,-44.6737,7.96034,69.4428
1.9569798924351740628480911254882812500000000000,-44.5974,10.0339,71.8946
1.9569820061016492545604705810546875000000000000,-44.443,11.8468,73.8676
1.9569840710383389145135879516601562500000000000,-44.2457,13.4087,75.3634
1.9569864026254415512084960937500000000000000000,-43.9792,14.8081,76.4118
1.9569885916803274303674697875976562500000000000,-43.7439,16.0083,77.0336
1.9569906791693802922964096069335937500000000000,-43.5625,17.0495,77.177
1.9569928749931830912828445434570312500000000000,-43.4861,17.9841,76.923
1.9569939804760057479143142700195312500000000000,-43.3618,18.9252,76.459
1.9569959928653690963983535766601562500000000000,-43.1178,19.9613,76.0091
1.9569980117349278181791305541992187500000000000,-42.7933,20.8775,75.4517
1.9570000251187767833471298217773437500000000000,-42.544,21.5952,74.5496
1.9570021358338762074708938598632812500000000000,-42.4304,22.2421,73.282
1.9570042575524751096963882446289062500000000000,-42.4361,22.7666,71.5941
1.9570062629804406315088272094726562500000000000,-42.6398,23.0067,69.3192
1.9570083211482137441635131835937500000000000000,-43.0172,23.121,66.5263
1.9570104133530519902706146240234375000000000000,-43.2487,23.6041,63.8323
1.9570126060971580445766448974609375000000000000,-43.318,24.1173,61.201
1.9570146398519180715084075927734375000000000000,-43.4336,24.6824,58.6449
1.9570167500216543674468994140625000000000000000,-43.6079,25.0898,55.7886
1.9570188793111745268106460571289062500000000000,-43.9062,25.3798,52.4537
1.9570199780250802636146545410156250000000000000,-44.2587,25.4737,48.5564
1.9570220046901214867830276489257812500000000000,-44.6032,25.6604,44.5946
1.9570240340498976409435272216796875000000000000,-44.9084,25.8335,40.5156
1.9570260761455029249191284179687500000000000000,-45.218,25.8711,36.288
1.9570281923142317682504653930664062500000000000,-45.4427,25.663,31.8917
1.9570302973190598189830780029296875000000000000,-45.5791,25.3518,27.4702
1.9570322976462777704000473022460937500000000000,-45.5825,24.8718,23.0076
1.9570344105107486248016357421875000000000000000,-45.5464,24.2352,18.4728
1.9570364587978277355432510375976562500000000000,-45.4579,23.4927,13.8763
1.9570385010538339614868164062500000000000000000,-45.2727,22.712,9.28364
1.9570405191534683108329772949218750000000000000,-44.9103,22.028,4.80307
1.9570425428671337664127349853515625000000000000,-44.4497,21.4803,0.463689
1.9570445488083820790052413940429687500000000000,-43.8822,21.0682,-3.68637
1.9570466650412712246179580688476562500000000000,-43.2336,20.7897,-7.63278
1.9570487661002378910779953002929687500000000000,-42.5225,20.6527,-11.3433
1.9570507910971101373434066772460937500000000000,-41.7437,20.6718,-14.8417
1.9570528089080229401588439941406250000000000000,-41.0104,20.7556,-18.2734
1.9570549226707387715578079223632812500000000000,-40.3337,20.879,-21.7858
1.9570559416012499481439590454101562500000000000,-39.7033,21.0236,-25.3529
1.9570580656617019325494766235351562500000000000,-39.1071,21.0661,-29.1062
1.9570600745864063501358032226562500000000000000,-38.5131,20.9387,-33.0123
1.9570620869436897337436676025390625000000000000,-37.9123,20.622,-37.0291
1.9570641320548314601182937622070312500000000000,-37.2907,20.2051,-41.0922
1.9570661846085738390684127807617187500000000000,-36.6023,19.7751,-45.0474
1.9570683047873243689537048339843750000000000000,-35.8198,19.3889,-48.7838
1.9570704307405065745115280151367187500000000000,-34.9945,19.0047,-52.3379
1.9570725606716305017471313476562500000000000000,-34.1769,18.533,-55.8335
1.9570746774178028106689453125000000000000000000,-33.2991,18.0731,-59.2029
1.9570767178131587803363800048828125000000000000,-32.2549,17.7253,-62.2677
1.9570788071949414908885955810546875000000000000,-31.0783,17.5077,-64.9669
1.9570808136173926293849945068359375000000000000,-29.7829,17.3483,-67.3091
1.9570818411453906446695327758789062500000000000,-28.4391,17.1364,-69.479
1.9570849308511834591627120971679687500000000000,-27.1811,16.8584,-71.5415
1.9570860293405279517173767089843750000000000000,-25.8716,16.5028,-73.4624
1.9570880627424057573080062866210937500000000000,-24.3485,16.1957,-75.1079
1.9570901121843714267015457153320312500000000000,-22.6395,15.8829,-76.4511
1.9570922375921905040740966796875000000000000000,-20.7375,15.5216,-77.4667
1.9570943418912548571825027465820312500000000000,-18.6548,15.0921,-78.1735
1.9570963892159286886453628540039062500000000000,-16.4107,14.5738,-78.5633
1.9570984080534070730209350585937500000000000000,-14.0533,13.9373,-78.6664
1.9571005130261551588773727416992187500000000000,-11.6808,13.1698,-78.4232
1.9571025803688578307628631591796875000000000000,-9.35935,12.2652,-77.7748
1.9571046133536934852600097656250000000000000000,-7.11486,11.2594,-76.6772
1.9571066504127115011215209960937500000000000000,-5.00981,10.1235,-75.2079
1.9571088358425378799438476562500000000000000000,-3.07073,8.8348,-73.4001
1.9571099270176023244857788085937500000000000000,-1.35652,7.49159,-71.1633
1.9571119606119614094495773315429687500000000000,0.0564652,6.13771,-68.4067
1.9571140535867240279912948608398437500000000000,1.09551,4.58938,-65.1342
1.9571161350126236677169799804687500000000000000,1.83679,2.76805,-61.3345
1.9571181517969708889722824096679687500000000000,2.35564,0.68252,-57.1381
1.9571201678113944828510284423828125000000000000,2.60228,-1.58967,-52.6507
1.9571223687680251896381378173828125000000000000,2.50677,-3.91708,-47.9281
1.9571244069177690893411636352539062500000000000,2.05536,-6.26559,-43.0737
1.9571265367526523768901824951171875000000000000,1.2622,-8.58282,-38.1929
1.9571285639309763908386230468750000000000000000,0.164104,-10.792,-33.3254
1.9571305942852377891540527343750000000000000000,-1.25957,-12.8821,-28.6076
1.9571327059306621551513671875000000000000000000,-3.10302,-14.9743,-24.0579
1.9571348024663239717483520507812500000000000000,-5.3478,-17.0819,-19.5042
1.9571369078561142086982727050781250000000000000,-7.95566,-19.0779,-14.8456
1.9571379080197229981422424316406250000000000000,-10.937,-20.7136,-10.2138
1.9571399796290889382362365722656250000000000000,-14.2643,-21.8008,-5.57114
1.9571420129988867789506912231445312500000000000,-17.7378,-22.2891,-1.04041
1.9571440463045243173837661743164062500000000000,-21.2462,-22.2848,3.19615
1.9571461614466875791549682617187500000000000000,-24.6343,-21.8415,7.15582
1.9571481939182404428720474243164062500000000000,-27.792,-20.9829,11.0102
1.9571502155787743628025054931640625000000000000,-30.6852,-19.6161,14.8003
1.9571522283531002700328826904296875000000000000,-33.2825,-17.8468,18.2903
1.9571544213538475334644317626953125000000000000,-35.6488,-15.8483,21.297
1.9571565255245912820100784301757812500000000000,-37.7707,-13.8619,23.6487
1.9571586569314029067754745483398437500000000000,-39.6032,-12.0418,25.1643
1.9571605854311093688011169433593750000000000000,-41.1619,-10.47,25.7641
1.9571626983597408980131149291992187500000000000,-42.4461,-9.30665,25.296
1.9571648236713193356990814208984375000000000000,-43.3831,-8.67517,23.5842
1.9571668839563839137554168701171875000000000000,-43.8829,-8.57802,20.537
1.9571689071888465434312820434570312500000000000,-43.939,-8.99653,16.2091
1.9571700038817010819911956787109375000000000000,-43.5139,-9.75056,10.8799
1.9571721305406473577022552490234375000000000000,-42.6253,-10.8061,4.61127
1.9571743226752299815416336059570312500000000000,-41.375,-11.8942,-2.3522
1.9571764413462124764919281005859375000000000000,-39.8565,-12.84,-9.73539
1.9571785600492753088474273681640625000000000000,-38.0529,-13.6216,-17.3175
1.9571805837629403918981552124023437500000000000,-36.01,-14.266,-25.003
1.9571826220410048961639404296875000000000000000,-33.8261,-14.761,-32.5961
1.9571847093054965138435363769531250000000000000,-31.5465,-15.0593,-39.7827
1.9571867475514806807041168212890625000000000000,-29.1964,-15.2148,-46.4119
1.9571887984049737453460693359375000000000000000,-26.8161,-15.245,-52.4414
1.9571909257055234163999557495117187500000000000,-24.4561,-15.1516,-57.9524
1.9571919291413098573684692382812500000000000000,-22.154,-14.7779,-62.9262
1.9571939853842724114656448364257812500000000000,-19.9028,-14.2582,-67.5901
1.9571961894847605377435684204101562500000000000,-17.6566,-13.6668,-72.0244
1.9571982283081877976655960083007812500000000000,-15.4331,-12.9047,-75.9365
1.9572003578864298760890960693359375000000000000,-13.2191,-11.9861,-79.0114
1.9572024735097955912351608276367187500000000000,-11.0906,-10.789,-80.6323
1.9572045465627696365118026733398437500000000000,-9.0128,-9.35595,-80.5622
1.9572066692758541554212570190429687500000000000,-6.95509,-7.90085,-78.7064
1.9572086862847629934549331665039062500000000000,-4.88133,-6.77335,-75.2382
1.9572107118911582976579666137695312500000000000,-2.85742,-6.29679,-70.4335
1.9572128153240580111742019653320312500000000000,-0.971471,-6.66269,-64.5836
1.9572148358938660472631454467773437500000000000,0.624542,-8.03327,-57.9941
1.9572159668162673711776733398437500000000000000,1.73909,-10.266,-50.7749
1.9572179481841016560792922973632812500000000000,2.26943,-13.1503,-43.1448
1.9572200627809021621942520141601562500000000000,2.12285,-16.4196,-35.3646
1.9572221799120362848043441772460937500000000000,1.26396,-19.7063,-27.4874
1.9572242226813253015279769897460937500000000000,-0.212413,-22.6689,-19.8092
1.9572263418655905872583389282226562500000000000,-2.17481,-25.1226,-12.6131
1.9572283714178476482629776000976562500000000000,-4.58267,-26.877,-6.15529
1.9572304064558144658803939819335937500000000000,-7.24862,-27.903,-0.78583
1.9572325466846745461225509643554687500000000000,-10.0772,-28.1998,3.56065
1.9572346581376176327466964721679687500000000000,-12.9818,-27.8985,7.03957
1.9572367787654906511306762695312500000000000000,-15.8064,-27.0706,9.70151
1.9572389023447401821613311767578125000000000000,-18.5222,-25.859,11.715
1.9572399385664653033018112182617187500000000000,-21.1116,-24.4194,13.1843
1.9572420727321721613407135009765625000000000000,-23.6031,-22.7409,14.209
1.9572440924999758601188659667968750000000000000,-26.0715,-20.9572,14.8166
1.9572462287829745560884475708007812500000000000,-28.5965,-19.0542,15.1494
1.9572482642379835247993469238281250000000000000,-31.2053,-16.9251,15.3568
1.9572503051466226577758789062500000000000000000,-33.8566,-14.6193,15.3941
1.9572523316833429038524627685546875000000000000,-36.446,-12.3557,15.0718
1.9572543468957617878913879394531250000000000000,-38.8269,-10.4527,13.9617
1.9572564627436891198158264160156250000000000000,-40.878,-9.18515,11.5246
1.9572585474096864461898803710937500000000000000,-42.5141,-8.37959,7.69534
1.9572606898520782589912414550781250000000000000,-43.6039,-7.81645,2.73403
1.9572626872920803725719451904296875000000000000,-44.1179,-7.72599,-3.2458
1.9572647155611302703619003295898437500000000000,-44.1261,-8.24703,-10.1915
1.9572667238442316651344299316406250000000000000,-43.6488,-9.11029,-17.6507
1.9572688442475434392690658569335937500000000000,-42.7026,-9.95674,-25.2793
1.9572708856694653630256652832031250000000000000,-41.3474,-10.6732,-32.6206
1.9572719876555487513542175292968750000000000000,-39.6551,-11.3863,-39.4305
1.9572740068459093570709228515625000000000000000,-37.5722,-12.3939,-46.0976
1.9572759865134947001934051513671875000000000000,-34.9619,-13.5251,-52.8325
1.9572781706280335783958435058593750000000000000,-32.0734,-13.89,-59.0376
1.9572802659767292439937591552734375000000000000,-29.3788,-13.3884,-64.369
1.9572823808622509241104125976562500000000000000,-26.9116,-12.5161,-68.9334
1.9572844059553638100624084472656250000000000000,-24.6921,-11.4819,-72.6443
1.9572865357260867953300476074218750000000000000,-22.5477,-10.2817,-75.1586
1.9572887282777115702629089355468750000000000000,-20.3978,-8.89959,-76.2956
1.9572908043783023953437805175781250000000000000,-18.2178,-7.47425,-76.2537
1.9572919201267808675765991210937500000000000000,-16.008,-6.08163,-75.2573
1.9572939509622450917959213256835937500000000000,-13.6626,-4.88063,-73.5592
1.9572959723661374300718307495117187500000000000,-11.1344,-3.85318,-71.27
1.9572980787824932485818862915039062500000000000,-8.41867,-3.09883,-68.6481
1.9573001733933448791503906250000000000000000000,-5.58761,-2.82841,-65.8602
1.9573022761846408247947692871093750000000000000,-2.70792,-3.08922,-62.782
1.9573042835694968700408935546875000000000000000,0.0508166,-3.7801,-59.1749
1.9573064232209138572216033935546875000000000000,2.46186,-4.92357,-55.0222
1.9573084947340395301580429077148437500000000000,4.30194,-6.58522,-50.5089
1.9573105245108574628829956054687500000000000000,5.35598,-8.73847,-45.5442
1.9573126824479740113019943237304687500000000000,5.68717,-11.1515,-40.2203
1.9573147329485852271318435668945312500000000000,5.402,-13.6661,-34.8073
1.9573169034932103008031845092773437500000000000,4.63089,-16.1363,-29.3239
1.9573189765461843460798263549804687500000000000,3.41514,-18.3369,-23.8339
1.9573199955408558249473571777343750000000000000,1.75626,-20.1786,-18.5258
1.9573220101758316159248352050781250000000000000,-0.30247,-21.6411,-13.5996
1.9573241282372906804084777832031250000000000000,-2.58952,-22.7777,-9.19412
1.9573261594256367534399032592773437500000000000,-4.89616,-23.6362,-5.45537
1.9573281993397898972034454345703125000000000000,-7.18272,-24.151,-2.33695
1.9573302641802392899990081787109375000000000000,-9.44165,-24.3276,0.301055
1.9573322871560603380203247070312500000000000000,-11.6863,-24.1066,2.66758
1.9573343174782417714595794677734375000000000000,-13.9689,-23.4845,4.90447
1.9573363284881576895713806152343750000000000000,-16.1788,-22.6341,6.86626
1.9573385363741062581539154052734375000000000000,-18.2903,-21.492,8.54364
1.9573406414751749485731124877929687500000000000,-20.3044,-20.1057,10.0099
1.9573426420269537717103958129882812500000000000,-22.2441,-18.551,11.3508
1.9573446848283231258392333984375000000000000000,-24.1278,-16.7673,12.6532
1.9573467076437432318925857543945312500000000000,-26.0062,-14.7657,14.0164
1.9573487220220778137445449829101562500000000000,-27.8327,-12.6248,15.56
1.9573507495853636413812637329101562500000000000,-29.4494,-10.4228,17.2414
1.9573526987126227468252182006835937500000000000,-30.8582,-8.14744,18.9343
1.9573547280723985284566879272460937500000000000,-32.105,-5.77833,20.6696
1.9573568949919641017913818359375000000000000000,-33.2348,-3.30945,22.4556
1.9573589274314366281032562255859375000000000000,-34.2673,-0.823065,24.2149
1.9573600225202828645706176757812500000000000000,-35.1528,1.60508,25.8381
1.9573631256997488439083099365234375000000000000,-35.9219,4.03794,27.2754
1.9573640477802123874425888061523437500000000000,-36.6129,6.39657,28.4453
1.9573667261860843747854232788085937500000000000,-37.199,8.60045,29.3375
1.9573688222084634006023406982421875000000000000,-37.621,10.6763,29.9551
1.9573699129344057291746139526367187500000000000,-37.8619,12.7168,30.387
1.9573719578209862112998962402343750000000000000,-38.0917,14.7069,30.5631
1.9573749907448697835206985473632812500000000000,-38.4261,16.503,30.3313
1.9573760371039301156997680664062500000000000000,-38.8044,18.0218,29.5424
1.9573781640195176005363464355468750000000000000,-39.1035,19.2862,28.1432
1.9573802614855047315359115600585937500000000000,-39.286,20.3682,26.1989
1.9573822845254860818386077880859375000000000000,-39.4412,21.2101,23.7465
1.9573842661820422857999801635742187500000000000,-39.5685,21.8456,20.8245
1.9573863375026866793632507324218750000000000000,-39.6561,22.3755,17.5572
1.9573884636804301291704177856445312500000000000,-39.6072,22.9085,14.1241
1.9573905668887685984373092651367187500000000000,-39.472,23.5358,10.6691
1.9573926808760453015565872192382812500000000000,-39.2978,24.3372,7.32748
1.9573947211751610040664672851562500000000000000,-38.9677,25.364,4.27192
1.9573967587474618107080459594726562500000000000,-38.463,26.5217,1.49067
1.9573986973203431814908981323242187500000000000,-37.9277,27.6888,-1.12733
1.9574008228564828634262084960937500000000000000,-37.4432,28.8917,-3.6699
1.9574030219845440238714218139648437500000000000,-37.0131,30.2152,-6.17164
1.9574041088608652353286743164062500000000000000,-36.631,31.7304,-8.62321
1.9574062221423782408237457275390625000000000000,-36.2601,33.3705,-11.0163
1.9574082633076585829257965087890625000000000000,-35.9149,35.1161,-13.3494
1.9574103697240144014358520507812500000000000000,-35.6139,36.8663,-15.6273
1.9574125370285417884588241577148437500000000000,-35.3057,38.564,-17.8674
1.9574145873045917600393295288085937500000000000,-34.9722,40.187,-19.9994
1.9574166212518326938152313232421875000000000000,-34.6173,41.6264,-22.0196
1.9574187446386009454727172851562500000000000000,-34.3224,42.8569,-23.9097
1.9574209353616558015346527099609375000000000000,-34.1394,43.9245,-25.7012
1.9574231287152852863073348999023437500000000000,-34.0484,44.8839,-27.3873
1.9574241213079728186130523681640625000000000000,-33.9961,45.8308,-28.9077
1.9574261594897970557212829589843750000000000000,-33.9517,46.7522,-30.2774
1.9574282403382536023855209350585937500000000000,-33.9217,47.6166,-31.5156
1.9574303911214910447597503662109375000000000000,-33.9485,48.3214,-32.7012
1.9574324268331415951251983642578125000000000000,-34.0317,48.8715,-33.8568
1.9574344440986916422843933105468750000000000000,-34.1261,49.2856,-35.0498
1.9574365528569001704454421997070312500000000000,-34.2027,49.5638,-36.2518
1.9574385712773364037275314331054687500000000000,-34.2596,49.636,-37.4273
1.9574406568736586719751358032226562500000000000,-34.2814,49.5353,-38.5428
1.9574427752238396555185317993164062500000000000,-34.2646,49.1716,-39.5918
1.9574448712782986462116241455078125000000000000,-34.2436,48.4623,-40.6755
1.9574470917396757751703262329101562500000000000,-34.1507,47.4493,-41.8065
1.9574481897798981517553329467773437500000000000,-34.0032,46.0963,-43.0582
1.9574502276730004698038101196289062500000000000,-33.8799,44.3831,-44.5209
1.9574523310738198459148406982421875000000000000,-33.8207,42.3826,-46.2726
1.9574544428475648164749145507812500000000000000,-33.7225,40.1599,-48.345
1.9574564861301366239786148071289062500000000000,-33.5439,37.8235,-50.6818
1.9574586140722896903753280639648437500000000000,-33.2763,35.4504,-53.2445
1.9574607216756116598844528198242187500000000000,-32.9293,33.1275,-55.9739
1.9574628514784149825572967529296875000000000000,-32.4643,30.9111,-58.7449
1.9574649596271000802516937255859375000000000000,-31.8916,28.8385,-61.4804
1.9574669980334851890802383422851562500000000000,-31.1924,27.0209,-64.0533
1.9574690320448867976665496826171875000000000000,-30.3199,25.4622,-66.3174
1.9574710577475227415561676025390625000000000000,-29.3183,24.1081,-68.2619
1.9574731903413008898496627807617187500000000000,-28.2009,22.9574,-69.8373
1.9574742810672432184219360351562500000000000000,-27.0027,21.9237,-71.0918
1.9574763025352962315082550048828125000000000000,-25.7261,21.0052,-72.0959
1.9574783592273812741041183471679687500000000000,-24.3702,20.184,-72.8552
1.9574804072578188031911849975585937500000000000,-22.9385,19.4118,-73.4028
1.9574825248701553791761398315429687500000000000,-21.4996,18.6801,-73.7743
1.9574845506690319627523422241210937500000000000,-20.1163,17.9169,-74.0511
1.9574865904869452118873596191406250000000000000,-18.4948,16.9035,-74.2385
1.9574887392491314560174942016601562500000000000,-17.5664,16.2501,-74.2662
1.9574908566369071602821350097656250000000000000,-16.0408,15.0883,-74.073
1.9574928760197486728429794311523437500000000000,-15.1648,14.3332,-73.8328
1.9574950715227495878934860229492187500000000000,-14.0528,13.2495,-73.3283
1.9574971206118330359458923339843750000000000000,-13.0383,12.0356,-72.623
1.9574992250071380287408828735351562500000000000,-12.1343,10.717,-71.7094
1.9575002238554596900939941406250000000000000000,-11.3525,9.34542,-70.5161
1.9575032741667978465557098388671875000000000000,-10.7011,7.92682,-68.9859
1.9575042818692475557327270507812500000000000000,-10.1941,6.46925,-66.9363
1.9575063945091575384140014648437500000000000000,-9.87054,4.96208,-64.1891
1.9575084200193122029304504394531250000000000000,-9.80578,3.47659,-60.6158
1.9575104387605503201484680175781250000000000000,-10.186,2.01125,-56.3245
1.9575124503799896687269210815429687500000000000,-11.0344,0.519813,-51.5869
1.9575144662981726229190826416015625000000000000,-12.2503,-1.02999,-46.7124
1.9575165048328783363103866577148437500000000000,-14.1676,-3.02774,-40.709
1.9575185613324820995330810546875000000000000000,-15.4496,-4.2429,-37.2217
1.9575205828326154500246047973632812500000000000,-17.2735,-5.8035,-32.705
